"","Qm","p"
"logmass",0.809874242255044,0.36815743361798
"prec",0.00701890537566207,0.933232218267903
"logmass:prec",0.70369083437038,0.401546292557424
"fullmodel",2.65564091679635,0.447818365170606
