"","Qm","p"
"logmass",0.499223544314992,0.479841488873729
"tseas",0.00230543029176045,0.961704370561201
"logmass:tseas",0.6636680402758,0.415267966081351
"fullmodel",2.24622969074184,0.522900055149926
