"","Qm","p"
"logmass",0.218779878940534,0.639971166049062
"prec",0.000235788715128066,0.987748634325285
"logmass:prec",0.170877692246155,0.679332949986305
"fullmodel",1.30319691276313,0.728374077980271
