"","Qm","p"
"logmass",0.421846035504182,0.516017342848133
"SDNDVI",10.6174928927255,0.00112022827485703
"fullmodel",11.6962591272822,0.00288529086703586
