"","Qm","p"
"logmass",0.795261869986486,0.372513778874769
"tmean",0.0802319541663678,0.776983319542772
"fullmodel",1.02403287132561,0.599285938102994
