"","Qm","p"
"logmass",2.12460626225902,0.144950025287732
"tmean",0.303834839366247,0.581488248925208
"logmass:tmean",1.39173000333641,0.23811316065742
"fullmodel",2.87626575024896,0.411098601610518
