"","Qm","p"
"logmass",0.485592053296304,0.485900205326681
"SDNDVI",6.15799933710284,0.0130819091632056
"logmass:SDNDVI",0.357694636460684,0.549789371372718
"fullmodel",11.9178349875187,0.00766998894301666
