"","Qm","p"
"logmass",1.60508002594579,0.205184780148871
"tmean",0.251494102916301,0.616024993058549
"logmass:tmean",1.08836761188855,0.296833176475898
"fullmodel",2.10909881707481,0.550074205066694
