"","Qm","p"
"logmass",1.19026855726189,0.27527539180318
"tmean",0.115091774220109,0.734420060396959
"fullmodel",1.50489048879191,0.471212912116547
