"","Qm","p"
"logmass",0.778583908097485,0.377574581185099
"SDNDVI",10.024735145728,0.00154451884120202
"fullmodel",11.6156206538936,0.00300400065527297
