"","Qm","p"
"logmass",0.392426922293608,0.531026459194007
"NDVI",0.0234662440115751,0.878250842521819
"logmass:NDVI",0.0339506296702828,0.853811871688117
"fullmodel",1.43479244366987,0.697399835711683
