"b","lci","uci"
0.128057916905024,-0.369213852877336,0.625329686687384
-0.100146203743061,-0.320249984250057,0.119957576763935
0.00317205099258963,-0.0187769402972476,0.0251210422824269
