"b","lci","uci"
1.08826685847558,0.524375138809275,1.65215857814188
-0.0666819381949231,-0.267905725934099,0.134541849544252
0.530593568403793,0.211440456837022,0.849746679970565
