"b","lci","uci"
0.373738936144733,-0.278570348930749,1.02604822122021
-0.541423986094273,-1.26944908887163,0.186601116683079
-0.00843753115058148,-0.038439150374519,0.0215640880733561
0.0215740793767696,-0.0142687981520147,0.0574169569055539
