"b","lci","uci"
0.163695810651805,-2.58452015265654,2.91191177396015
-0.72215450046276,-3.74819352360579,2.30388452268027
0.0065729347370357,-0.832396044706118,0.845541914180189
0.201015160328791,-0.752075510620751,1.15410583127833
