"b","lci","uci"
1.05864078138631,0.499477919093398,1.61780364367921
-0.0919733091224174,-0.296268052268534,0.112321434023699
0.511348026050878,0.194808300751828,0.827887751349928
