"b","lci","uci"
0.210800252652197,-0.81151236027558,1.23311286557997
0.534235652457223,-0.947713930478786,2.01618523539323
-0.0110607993519949,-0.462561686011345,0.440440087307356
-0.250926636415269,-0.854624173431099,0.352770900600562
