"b","lci","uci"
0.117707346740163,-0.380256288700344,0.615670982180671
-0.123967148219684,-0.346673303810848,0.0987390073714798
0.00381005363190943,-0.0182018213488644,0.0258219286126832
