"b","lci","uci"
1.29793271005347,0.399668639319443,2.1961967807875
-0.437532232134822,-1.6681476665502,0.793083202280553
0.651671377541589,0.136968117965795,1.16637463711738
-0.207684572845519,-0.888291107609274,0.472921961918237
