"b","lci","uci"
0.240303510206812,-0.289743008072568,0.770350028486192
-0.136835951386449,-0.70593969698982,0.432267794216922
-0.0690406270855811,-0.851184946558324,0.713103692387161
0.0464762900729545,-0.836806139109567,0.929758719255476
