"","Qm","p"
"logmass",13.7389056524517,0.000210057845466028
"Dist_near_mainland",2.95898595354234,0.0854014851230536
"logmass:Dist_near_mainland",3.5458681838205,0.0596939203770026
"fullmodel",30.8295113477104,9.23289594065338e-07
