"","Qm","p"
"logmass",28.9624100719753,7.37965117874785e-08
"tmean",7.84621555210667,0.00509272037366888
"fullmodel",36.8041718070679,1.01876880104732e-08
