"","Qm","p"
"logmass",8.17142336390006,0.00425554990080223
"tseas",1.59742111629654,0.206269059349623
"logmass:tseas",1.82489787809307,0.176731373318557
"fullmodel",29.8145230391678,1.50976124230143e-06
