"","Qm","p"
"logmass",31.6012011832046,1.89312451957432e-08
"Island_km2",3.52736957081403,0.0603634824815809
"logmass:Island_km2",5.85147295918594,0.0155640188184466
"fullmodel",34.0256698339287,1.95661998772246e-07
