"","Qm","p"
"logmass",22.5722925586699,2.02382416069142e-06
"Dist_near_mainland",4.48150748925331,0.0342634863509694
"Island_km2",5.42007075593126,0.0199065532195642
"logmass:Dist_near_mainland",6.15403203099715,0.0131112852671738
"logmass:Island_km2",8.63000968596392,0.0033066981585999
"logmass:dist & logmass:area",12.1989968223653,0.00224399299904294
"fullmodel",40.6436048722649,1.10740352768433e-07
