"","Qm","p"
"logmass",2.4609788841922,0.116706030570496
"guild2No Carn",0.020551160164262,0.886008432003505
"logmass:guild2No Carn",0.302996534557017,0.582009932612257
"fullmodel",29.8671647353283,1.47175978473175e-06
