"","Qm","p"
"logmass",0.199533737523637,0.655097463141157
"SDNDVI",0.359973363977144,0.54852102883586
"logmass:SDNDVI",1.72257605737777,0.189361787268398
"fullmodel",30.8714273845524,9.04718636959887e-07
