"","Qm","p"
"logmass",4.50134391927073,0.0338682256759076
"NDVI",2.13694672470557,0.143787821982495
"logmass:NDVI",1.01569679754181,0.313541920069248
"fullmodel",30.0323808776482,1.35858130046738e-06
