"","Qm","p"
"logmass",30.3849769464678,3.54261167754136e-08
"tmean",7.42203617552087,0.00644298631169786
"fullmodel",37.4050331953324,7.54397505919281e-09
