"","Qm","p"
"logmass",9.64406329730887,0.0018996454481766
"tmean",0.285870822439019,0.592878837114863
"logmass:tmean",0.542954956667292,0.461210670098679
"fullmodel",37.6552799951195,3.34363161572838e-08
