"","b","lci","uci"
"intrcpt",0.187077046620473,-0.122483722979176,0.496637816220122
"logmass",-0.065347000308405,-0.146990159950019,0.0162961593332089
"guild2No Carn",0.021951506553633,-0.278168018658069,0.322071031765335
"logmass:guild2No Carn",-0.0242855819826024,-0.110758034340592,0.0621868703753873
