"","b","lci","uci"
"intrcpt",0.239100377745382,0.0646014796941356,0.413599275796629
"logmass",-0.107417808762285,-0.151731358912351,-0.0631042586122191
"Dist_near_mainland",0.0486597638029034,0.0036085989923032,0.0937109286135035
"Island_km2",-0.0304453778104185,-0.0560764622147764,-0.00481429340606062
"logmass:Dist_near_mainland",-0.019309269995047,-0.0345650377984652,-0.00405350219162874
"logmass:Island_km2",0.014853493121148,0.0049435525772994,0.0247634336649965
