"","b","lci","uci"
"intrcpt",0.157393522289038,-0.0030227555983999,0.317809800176477
"logmass",-0.068403431024984,-0.104708615586237,-0.0320982464637313
"Dist_near_mainland",0.0424204663003294,-0.0022746482612536,0.0871155808619123
"logmass:Dist_near_mainland",-0.0148827106849954,-0.0299135078444537,0.000148086474462917
