"","b","lci","uci"
"intrcpt",0.274739093324877,0.129567877907204,0.41991030874255
"logmass",-0.0844340675787279,-0.114455841292411,-0.0544122938650451
"tmean",-0.00382268497122905,-0.0065728266426946,-0.00107254329976351
