"","b","lci","uci"
"intrcpt",0.417925906354505,0.0566901941133718,0.779161618595638
"logmass",-0.156767688004432,-0.264254650069499,-0.0492807259393654
"tseas",-0.0886966189427821,-0.226241820989898,0.0488485831043337
"logmass:tseas",0.030109202058489,-0.0135753668260335,0.0737937709430115
