"","b","lci","uci"
"intrcpt",0.238818968990047,0.0629980621940727,0.414639875786022
"logmass",-0.0716396750824593,-0.11685354415938,-0.026425806005539
"tmean",-0.00170891818536474,-0.0079733898154252,0.00455555344469571
"logmass:tmean",-0.000730889723550013,-0.00267498724057645,0.00121320779347643
