"","b","lci","uci"
"intrcpt",0.269432581687237,0.100660503696852,0.438204659677622
"logmass",-0.119133778917968,-0.1611324365006,-0.0771351213353346
"Island_km2",-0.0206045088500311,-0.0458707124111687,0.00466169471110647
"logmass:Island_km2",0.0112059425204578,0.00151942662727073,0.0208924584136448
