"","b","lci","uci"
"intrcpt",0.131635786378422,-0.169473363037729,0.432744935794573
"logmass",-0.0234184349138442,-0.126172210713857,0.0793353408861682
"SDNDVI",-0.0465823946948771,-0.198754384181368,0.105589594791614
"logmass:SDNDVI",0.0388412202597843,-0.0191619529344318,0.0968443934540004
