"","b","lci","uci"
"intrcpt",0.104590653205722,-0.103788740443509,0.312970046854952
"logmass",-0.0632270699179228,-0.121636107344472,-0.0048180324913734
"NDVI",0.173139036941848,-0.058998964416014,0.405277038299709
"logmass:NDVI",-0.0421863031732974,-0.124228544958309,0.0398559386117143
