"","Qm","p"
"logmass",19.2798534005811,1.12891283847142e-05
"guild2No Carn",0.156980153477558,0.691952172614848
"logmass:guild2No Carn",0.127176712087333,0.721377470535592
"fullmodel",28.4115678692486,2.97676214029384e-06
