"","Qm","p"
"logmass",19.0345368026019,1.28373810423806e-05
"Dist_near_mainland",7.16561980418954,0.00743140092362877
"Island_km2",15.7314090702775,7.30018600814436e-05
"logmass:Dist_near_mainland",4.8939030916602,0.0269516898123702
"logmass:Island_km2",9.38021266113905,0.00219340105546417
"logmass:dist & logmass:area",11.2763289772599,0.00355939572522874
"fullmodel",46.7067846305196,46.7067846305196
