"","Qm","p"
"logmass",26.0944776777131,3.2511253656201e-07
"tmean",3.97640016003847,0.0461420765414428
"fullmodel",31.5413096924863,1.41544052072992e-07
