"","Qm","p"
"logmass",16.4899132877152,4.89095819194611e-05
"Dist_near_mainland",2.52183202613022,0.112280072002163
"logmass:Dist_near_mainland",2.01887836342762,0.155353859439753
"fullmodel",30.0204392552561,1.36646216034015e-06
