"","Qm","p"
"logmass",33.1167698959138,8.67869630457472e-09
"Island_km2",11.0560316974437,0.000883991421093297
"logmass:Island_km2",6.14647722006163,0.0131674128911103
"fullmodel",38.9451425048123,1.78273605290364e-08
