"","Qm","p"
"logmass",27.7850159266056,1.35572061346923e-07
"tmean",2.47308990969552,0.115810057001951
"fullmodel",31.2548045489599,1.63344842210338e-07
