"","Qm","p"
"logmass",5.89603462486547,0.0151750121860862
"tmean",2.08653142612033,0.1486031302148
"logmass:tmean",0.564003400697697,0.452651693873755
"fullmodel",31.5945900134002,6.3710951040714e-07
