"","Qm","p"
"logmass",2.77903600625228,0.0955056376812011
"tseas",0.21096340720317,0.646013341082742
"logmass:tseas",0.32964679837685,0.56586714003012
"fullmodel",27.3156698252617,5.05509621952842e-06
