"","Qm","p"
"logmass",27.3192459621985,1.72486032500731e-07
"NDVI",1.59672512122364,0.206367926909871
"logmass:NDVI",5.7367112374521,0.0166138725114932
"fullmodel",34.4101026073453,1.62306593393399e-07
