"","Qm","p"
"logmass",18.9977752352052,1.30870955155224e-05
"SDNDVI",7.04259795267299,0.00795934957720782
"logmass:SDNDVI",6.8329671107274,0.00894904838914399
"fullmodel",34.6389136919471,34.6389136919471
