"b","lci","uci"
0.377109894244034,-0.0329533298566371,0.787173118344706
-0.274668056780011,-0.407220145388357,-0.142115968171665
0.057359812986083,-0.0116878292500869,0.126407455222253
-0.0367166713970644,-0.0875342619863212,0.0141009191921925
