"b","lci","uci"
0.510325299018241,0.144772449961996,0.875878148074486
-0.355914431372602,-0.477133154112274,-0.234695708632931
-0.0650860760625332,-0.103451194463752,-0.0267209576613145
0.0325056081753321,0.00680796769578805,0.0582032486548761
