"b","lci","uci"
1.01725883747559,0.30187635562041,1.73264131933076
-0.48705785699297,-0.828152393588727,-0.145963320397212
-0.0303586728627398,-0.0593443393309646,-0.00137300639451498
0.00890784228858889,-0.00561381855345948,0.0234295031306373
