"b","lci","uci"
0.388502330545078,-0.0313250330723429,0.808329694162499
-0.28545125778024,-0.422334514705751,-0.148568000854729
0.152342912833199,-0.243197480718977,0.547883306385374
-0.0819136880509522,-0.28735444250028,0.123527066398376
