"b","lci","uci"
0.718050806972189,-0.508478175015392,1.94457978895977
-0.484693891711009,-1.04588539125465,0.076497607832635
-0.115559633387895,-0.604522824089938,0.373403557314148
0.0709031914432118,-0.16797088991074,0.309777272797164
