"b","lci","uci"
1.00931760551011,0.349601560910891,1.66903365010934
-0.622957172986433,-0.939534977084922,-0.306379368887943
0.323967920414887,0.0169520885993627,0.63098375223041
-0.176503182137603,-0.346778023431639,-0.00622834084356763
