"b","lci","uci"
0.670303152115486,0.203567347662601,1.13703895656837
-0.307060527975413,-0.421234407522319,-0.192886648428508
-0.0123432013285499,-0.0277267294951174,0.00304032683801759
