"b","lci","uci"
0.553834025955258,0.105011398479353,1.00265665343116
-0.459547969159112,-0.631871501406524,-0.2872244369117
-0.306087199496727,-0.780851636366359,0.168677237372905
0.317012974406901,0.0575988413305105,0.576427107483291
