"b","lci","uci"
0.400683372985492,0.0347635465645521,0.766603199406431
-0.292142030258548,-0.423383467472496,-0.160900593044599
0.0968055969861895,0.0259259284715016,0.167685265500877
-0.0807093283348723,-0.120592346100693,-0.0408263105690521
-0.0592739224767812,-0.111789007892077,-0.00675883706148551
0.0417855480160041,0.0150451509933812,0.068525945038627
