"b","lci","uci"
0.681942975423215,0.22200210702591,1.14188384382052
-0.289165632333559,-0.400113883809309,-0.17821738085781
-0.0151698528956432,-0.0300800855160778,-0.000259620275208516
