"","Qm","p"
"logmass",27.2399762599595,1.79704359350884e-07
"tmean",13.7225156712952,0.000211898861145697
"fullmodel",38.1631987526855,5.16376756129726e-09
