"","Qm","p"
"logmass",27.336805155786,1.70926815157376e-07
"tmean",16.461668385376,4.96436875797828e-05
"fullmodel",40.7454926222052,1.41980498240024e-09
