"","Qm","p"
"logmass",5.98907207487155,0.0143947727106211
"Island_km2",1.25984965451202,0.261679550853807
"logmass:Island_km2",0.159122596494605,0.689965608602646
"fullmodel",29.9932694113921,1.38456325871406e-06
