"","Qm","p"
"logmass",5.94445336696028,0.0147636690905075
"Island_km2",1.62576041087815,0.202290447537474
"logmass:Island_km2",0.230318420057058,0.631287825288538
"fullmodel",29.613685119818,1.66395661975853e-06
