"","Qm","p"
"logmass",0.776335180351141,0.378264320601052
"SDNDVI",0.109686943416049,0.740500828071813
"logmass:SDNDVI",0.0160094031115359,0.899313772637606
"fullmodel",25.7286168889777,1.08702744284859e-05
