"","Qm","p"
"logmass",28.705119751384,8.4280623053841e-08
"tmean",14.5429077055813,0.000137003402596732
"fullmodel",40.2752730106097,1.79612098579858e-09
