"","Qm","p"
"logmass",3.01664060384627,0.0824140228526221
"guild2No Carn",0.0429062199383203,0.835901956016256
"logmass:guild2No Carn",0.0238872425916503,0.87717216225431
"fullmodel",23.9367572307922,2.57510401468628e-05
