"","Qm","p"
"logmass",0.867028294064701,0.351779318273394
"NDVI",0.0264811928457483,0.870730686666644
"logmass:NDVI",0.190529614767858,0.662476188867057
"fullmodel",26.1168597328854,9.01490263732321e-06
