"","Qm","p"
"logmass",0.117604101448082,0.731647703488258
"tmean",0.194015513114743,0.659595344767496
"logmass:tmean",4.36684384317135,0.0366448053388688
"fullmodel",45.0436582839845,9.05711935387848e-10
