"","Qm","p"
"logmass",0.242410384736355,0.622470602587823
"Dist_near_mainland",1.7717728250815,0.183162830076147
"logmass:Dist_near_mainland",1.69256452154588,0.193263253518105
"fullmodel",25.8672907040777,1.01674889339487e-05
