"","Qm","p"
"logmass",20.4088537930162,6.25397855355268e-06
"tseas",4.36493529384805,0.0366858764292748
"logmass:tseas",11.6108933594797,0.000655666507594953
"fullmodel",45.002248452001,9.24252708094432e-10
