"","Qm","p"
"logmass",0.263244127567209,0.607900104598296
"Dist_near_mainland",2.09501097842343,0.147780650120423
"Island_km2",1.36967289976029,0.241868091993453
"logmass:Dist_near_mainland",1.88820983605632,0.169403972635522
"logmass:Island_km2",0.227778093495304,0.633176255223575
"logmass:dist & logmass:area",2.05222566752855,0.358397406668947
"fullmodel",28.002823732267,28.002823732267
