"","Qm","p"
"logmass",1.11303843111011,0.291422413516054
"SDNDVI",0.0014320566702709,0.969813238887654
"logmass:SDNDVI",0.0929444442327996,0.760466754997345
"fullmodel",25.1730413424249,1.42061553235958e-05
