"","Qm","p"
"logmass",0.326192825200439,0.567909537222441
"Dist_near_mainland",2.53444435737791,0.111386090725454
"Island_km2",2.00686353441088,0.156588760339743
"logmass:Dist_near_mainland",2.23393564809409,0.135009563660231
"logmass:Island_km2",0.378717169627759,0.538290586247817
"logmass:dist & logmass:area",2.47737070621435,0.289764906182476
"fullmodel",31.9330916411812,31.9330916411812
