"","Qm","p"
"logmass",4.81494214666005,0.0282140187857407
"Island_km2",0.850212506180912,0.356492227757153
"logmass:Island_km2",0.0968568407186598,0.755634659197328
"fullmodel",26.4432505761258,7.70190432657878e-06
