"","Qm","p"
"logmass",0.787526210462952,0.374849194835119
"NDVI",0.0337035866114747,0.854338744226822
"logmass:NDVI",0.190368442359179,0.662610142936359
"fullmodel",24.7739658872134,1.72152706650408e-05
