"","Qm","p"
"logmass",0.0976241255818672,0.754699622744731
"Dist_near_mainland",2.04611737707038,0.152594907179018
"logmass:Dist_near_mainland",2.28353943818482,0.13075317821691
"fullmodel",26.1093697351082,9.04751862316613e-06
