"","Qm","p"
"logmass",0.239763367370781,0.624377075558216
"Dist_near_mainland",1.50506242707104,0.219894064884749
"logmass:Dist_near_mainland",1.45869627800585,0.227137670498321
"fullmodel",23.5020105428421,3.17335085769685e-05
