"","Qm","p"
"logmass",0.00507921380990223,0.943183982642422
"tmean",0.646525539879421,0.421357635537047
"logmass:tmean",5.54291001534996,0.018555702380662
"fullmodel",43.5952657411971,1.83953428845408e-09
