"","Qm","p"
"logmass",0.182296852858902,0.66940674690396
"Dist_near_mainland",2.8819648418888,0.0895766588693614
"Island_km2",2.13781397944981,0.143706540876172
"logmass:Dist_near_mainland",2.92906960152057,0.086997615785387
"logmass:Island_km2",0.408101892174699,0.522934485436038
"logmass:dist & logmass:area",3.18101214334824,0.203822436867628
"fullmodel",32.4924477277695,32.4924477277695
