"","Qm","p"
"logmass",3.00386713406567,0.0830660272724863
"guild2No Carn",0.0271368547811957,0.8691543960272
"logmass:guild2No Carn",0.00848310731727272,0.926615580785473
"fullmodel",25.1369657772572,1.44550990533473e-05
