"","Qm","p"
"logmass",21.6051205319705,3.3495639331321e-06
"tseas",4.17174568886124,0.0411034285337529
"logmass:tseas",12.2305260332071,0.000470139416528264
"fullmodel",49.2303227312805,1.16518537943527e-10
