"","b","lci","uci"
"intrcpt",0.140225279226474,-0.107881182449417,0.388331740902366
"logmass",-0.0356758891667224,-0.184407182843002,0.113055404509557
"Dist_near_mainland",0.0662022122912009,-0.0202196589239983,0.1526240835064
"Island_km2",-0.0220496917092936,-0.0623439560506885,0.0182445726321014
"logmass:Dist_near_mainland",-0.038355208805268,-0.0903670181181072,0.0136566005075711
"logmass:Island_km2",0.00503125403035986,-0.0181361100394029,0.0281986181001226
