"","b","lci","uci"
"intrcpt",0.324068609763065,0.205831571180827,0.442305648345302
"logmass",-0.109197969042645,-0.15020509098715,-0.0681908470981393
"tmean",-0.00566935836503917,-0.00866897071702662,-0.00266974601305172
