"","b","lci","uci"
"intrcpt",0.244781883198116,-0.112503003591967,0.602066769988198
"logmass",-0.112545590943438,-0.24065696800475,0.0155657861178738
"guild2No Carn",-0.0360422544010827,-0.398940658868469,0.326856150066304
"logmass:guild2No Carn",0.00974338854186012,-0.126794014467072,0.146280791550792
