"","b","lci","uci"
"intrcpt",0.142202644339836,-0.0524482972087126,0.336853585888385
"logmass",-0.0035532575447626,-0.101271698730188,0.0941651836406627
"tmean",0.0033085250355838,-0.00475620201804401,0.0113732520892116
"logmass:tmean",-0.00522007447440996,-0.00956573578964091,-0.000874413159179012
