"","b","lci","uci"
"intrcpt",0.270111869571468,0.0865627253281188,0.453661013814817
"logmass",-0.113859651489226,-0.216234427409554,-0.0114848755688979
"Island_km2",-0.0210356813529663,-0.0612741295815406,0.019202766875608
"logmass:Island_km2",0.00435538782716741,-0.0189292961955371,0.0276400718498719
