"","b","lci","uci"
"intrcpt",0.147454688423342,-0.087198145706287,0.38210752255297
"logmass",-0.030434960072426,-0.170146166153832,0.10927624600898
"Dist_near_mainland",0.0724577526401319,-0.0111966132563459,0.15611211853661
"Island_km2",-0.0285814409679193,-0.0668945376176784,0.0097316556818397
"logmass:Dist_near_mainland",-0.0437986537845239,-0.0939570922117533,0.00635978464270542
"logmass:Island_km2",0.00717576803053771,-0.0148399157032177,0.0291914517642931
