"","b","lci","uci"
"intrcpt",0.200412808716187,-0.253584565714089,0.654410183146463
"logmass",-0.143718536238184,-0.410715176416076,0.123278103939708
"SDNDVI",-0.00499486129201267,-0.263691878369547,0.253702155785522
"logmass:SDNDVI",-0.02387802672291,-0.177387367783302,0.129631314337482
