"","b","lci","uci"
"intrcpt",0.332341470422787,0.214341720870524,0.450341219975049
"logmass",-0.111703254755071,-0.152566630124946,-0.0708398793851966
"tmean",-0.00580371050700787,-0.00878653848822427,-0.00282088252579147
