"","b","lci","uci"
"intrcpt",0.0899472862675021,-0.112418619130297,0.292313191665301
"logmass",-0.0274185056156818,-0.143655841554656,0.088818830323292
"Dist_near_mainland",0.0597904011653315,-0.023096297844209,0.142677100174872
"logmass:Dist_near_mainland",-0.0357065477821826,-0.0860011617073821,0.014588066143017
