"","b","lci","uci"
"intrcpt",0.284649850602504,0.113939142374167,0.455360558830841
"logmass",-0.11767589865261,-0.211920361781041,-0.0234314355241786
"Island_km2",-0.0216002881696876,-0.0593182551108207,0.0161176787714455
"logmass:Island_km2",0.00442278108829189,-0.0173081135684449,0.0261536757450286
