"","b","lci","uci"
"intrcpt",0.192015491339316,-0.0533644448198417,0.437395427498473
"logmass",-0.0678298789416927,-0.219437061377535,0.0837773034941497
"NDVI",0.0199039130262045,-0.337501917664925,0.377309743717334
"logmass:NDVI",-0.0515175882006439,-0.279363578513615,0.176328402112327
