"","b","lci","uci"
"intrcpt",0.19524039610647,-0.0482559760722146,0.438736768285154
"logmass",-0.0713882258719851,-0.221653298289778,0.0788768465458077
"NDVI",0.0293821984850953,-0.324503985062911,0.383268382033102
"logmass:NDVI",-0.0501782640400196,-0.275489307453506,0.175132779373467
