"","b","lci","uci"
"intrcpt",0.080016286254872,-0.122929503774059,0.282962076283803
"logmass",-0.0184834690503312,-0.134428728623412,0.0974617905227494
"Dist_near_mainland",0.0606189214880838,-0.0224409059373042,0.143678748913472
"logmass:Dist_near_mainland",-0.0385537220093137,-0.0885583435089222,0.0114508994902947
