"","b","lci","uci"
"intrcpt",0.527671980958038,0.206053164885274,0.849290797030801
"logmass",-0.412775922662182,-0.58682995980452,-0.238721885519844
"tseas",-0.148217302754687,-0.290446278946793,-0.0059883265625808
"logmass:tseas",0.139872677809535,0.0614830843395769,0.218262271279493
