"","b","lci","uci"
"intrcpt",0.0860874489272426,-0.124546966944531,0.296721864799016
"logmass",-0.0303213982355237,-0.151689874813321,0.0910470783422737
"Dist_near_mainland",0.0542123899886042,-0.0323978790945212,0.14082265907173
"logmass:Dist_near_mainland",-0.0322517005348208,-0.0845898390481187,0.0200864379784771
