"","b","lci","uci"
"intrcpt",0.1693933715053,-0.024330259408786,0.363117002419385
"logmass",-0.0169479788996349,-0.113810277662139,0.079914319862869
"tmean",0.00179867925211402,-0.00620488780060048,0.00980224630482852
"logmass:tmean",-0.00459734185847348,-0.00890926547683954,-0.000285418240107412
