"","b","lci","uci"
"intrcpt",0.286215921163089,0.114585271253875,0.457846571072303
"logmass",-0.118274562765638,-0.213353316400742,-0.0231958091305344
"Island_km2",-0.0246684159784101,-0.0625877832799417,0.0132509513231215
"logmass:Island_km2",0.00535858900927342,-0.0165257887941996,0.0272429668127465
