"","b","lci","uci"
"intrcpt",0.249604313718101,-0.107925132133255,0.607133759569456
"logmass",-0.113621846801678,-0.241839596018494,0.0145959024151374
"guild2No Carn",-0.038380490192035,-0.401540886119569,0.324779905735499
"logmass:guild2No Carn",0.0107749736062346,-0.125866109531706,0.147416056744175
