"","b","lci","uci"
"intrcpt",0.532778204726922,0.209110557113591,0.856445852340252
"logmass",-0.405128166849093,-0.580892690984329,-0.229363642713857
"tseas",-0.152773996627805,-0.296094599412153,-0.00945339384345767
"logmass:tseas",0.137707019417566,0.0584985992548729,0.216915439580259
