"","b","lci","uci"
"intrcpt",0.155544198916876,-0.0797969261820727,0.390885324015825
"logmass",-0.0409621159000169,-0.181532318556131,0.0996080867560968
"Dist_near_mainland",0.068432928338985,-0.0158174451889691,0.152683301866939
"Island_km2",-0.0277605860980115,-0.0661682419147848,0.0106470697187619
"logmass:Dist_near_mainland",-0.0388300812064018,-0.0897492212741727,0.0120890588613691
"logmass:Island_km2",0.00693215514230873,-0.0151458010511712,0.0290101113357887
