"","b","lci","uci"
"intrcpt",0.188989898639131,-0.260590447166489,0.638570244444752
"logmass",-0.146394715788678,-0.410466988204573,0.117677556627216
"SDNDVI",-0.01482620839311,-0.270784462307123,0.241132045520903
"logmass:SDNDVI",-0.0240296704199765,-0.175814920606776,0.127755579766823
